HI,WPCS,AOTBR,PFF,ESA,RGIS,ASTB,ATNC,MM,I,SCC,ES,SRTS,C,DFE,EACSA,CLASS
1.0,1.0,2.0,1.0,1.0,1.0,2.0,2.0,2.0,2.0,1.0,2.0,1.0,1.0,2.0,1.0,1
2.0,1.0,2.0,1.0,1.0,1.0,2.0,2.0,2.0,2.0,2.0,1.0,1.0,1.0,2.0,1.0,1
2.0,2.0,1.0,2.0,2.0,2.0,1.0,1.0,1.0,2.0,2.0,2.0,2.0,2.0,1.0,1.0,2
2.0,2.0,2.0,1.0,1.0,2.0,1.0,2.0,1.0,1.0,2.0,2.0,2.0,1.0,2.0,1.0,1
2.0,1.0,2.0,2.0,1.0,1.0,2.0,2.0,2.0,1.0,1.0,2.0,1.0,1.0,2.0,2.0,2
2.0,2.0,1.0,2.0,2.0,2.0,1.0,1.0,1.0,2.0,2.0,2.0,2.0,2.0,1.0,1.0,2
2.0,1.0,2.0,1.0,1.0,1.0,2.0,2.0,2.0,1.0,2.0,1.0,2.0,1.0,2.0,2.0,1
1.0,2.0,1.0,2.0,2.0,2.0,1.0,1.0,1.0,1.0,2.0,2.0,2.0,2.0,1.0,1.0,2
1.0,2.0,2.0,1.0,1.0,1.0,2.0,2.0,2.0,1.0,2.0,2.0,1.0,1.0,2.0,2.0,1
2.0,1.0,2.0,1.0,1.0,1.0,2.0,2.0,2.0,1.0,2.0,1.0,1.0,1.0,2.0,1.0,1
2.0,2.0,1.0,2.0,2.0,2.0,1.0,1.0,1.0,1.0,1.0,2.0,2.0,2.0,1.0,1.0,2
1.0,1.0,1.0,2.0,2.0,2.0,1.0,1.0,1.0,2.0,1.0,2.0,2.0,2.0,1.0,1.0,2
1.0,1.0,1.0,2.0,2.0,2.0,1.0,1.0,1.0,2.0,2.0,2.0,1.0,2.0,1.0,1.0,2
1.0,1.0,1.0,2.0,2.0,1.0,1.0,1.0,1.0,1.0,2.0,2.0,2.0,2.0,2.0,1.0,2
1.0,1.0,1.0,2.0,1.0,1.0,2.0,1.0,2.0,1.0,1.0,2.0,1.0,1.0,2.0,1.0,2
2.0,2.0,1.0,2.0,2.0,2.0,1.0,1.0,1.0,1.0,1.0,2.0,2.0,2.0,1.0,1.0,2
1.0,2.0,2.0,1.0,1.0,2.0,1.0,2.0,2.0,1.0,2.0,2.0,2.0,1.0,1.0,1.0,1
1.0,1.0,1.0,2.0,2.0,1.0,2.0,1.0,1.0,2.0,1.0,2.0,1.0,2.0,1.0,1.0,2
2.0,1.0,2.0,1.0,1.0,1.0,2.0,2.0,2.0,1.0,2.0,1.0,1.0,1.0,2.0,2.0,1
2.0,1.0,1.0,1.0,1.0,1.0,1.0,2.0,1.0,1.0,2.0,1.0,1.0,1.0,2.0,1.0,1
2.0,1.0,2.0,1.0,1.0,1.0,2.0,2.0,2.0,1.0,1.0,1.0,1.0,2.0,2.0,1.0,1
1.0,2.0,1.0,2.0,2.0,2.0,1.0,1.0,1.0,1.0,1.0,2.0,2.0,1.0,1.0,1.0,2
1.0,1.0,1.0,2.0,2.0,2.0,1.0,1.0,1.0,2.0,2.0,2.0,2.0,2.0,1.0,1.0,2
1.0,2.0,1.0,2.0,2.0,2.0,1.0,1.0,1.0,2.0,1.0,2.0,2.0,2.0,1.0,2.0,2
2.0,2.0,1.0,2.0,2.0,2.0,1.0,1.0,1.0,1.0,1.0,2.0,2.0,2.0,1.0,1.0,2
2.0,2.0,1.0,2.0,2.0,2.0,1.0,1.0,1.0,2.0,2.0,2.0,2.0,2.0,1.0,1.0,2
2.0,1.0,2.0,1.0,1.0,1.0,2.0,1.0,2.0,2.0,2.0,1.0,1.0,1.0,2.0,1.0,1
2.0,1.0,2.0,1.0,1.0,1.0,2.0,2.0,2.0,1.0,,1.0,1.0,1.0,2.0,1.0,1
2.0,2.0,2.0,1.0,1.0,1.0,2.0,2.0,2.0,1.0,2.0,1.0,1.0,1.0,2.0,1.0,1
1.0,2.0,1.0,2.0,2.0,2.0,1.0,1.0,1.0,1.0,2.0,2.0,2.0,2.0,1.0,1.0,2
2.0,1.0,1.0,2.0,2.0,1.0,2.0,1.0,1.0,1.0,2.0,2.0,1.0,1.0,2.0,1.0,2
1.0,1.0,1.0,1.0,1.0,1.0,1.0,1.0,2.0,1.0,2.0,2.0,1.0,1.0,2.0,1.0,1
2.0,2.0,2.0,1.0,1.0,1.0,2.0,2.0,2.0,1.0,2.0,1.0,1.0,1.0,2.0,2.0,1
2.0,1.0,1.0,2.0,1.0,1.0,2.0,2.0,2.0,2.0,1.0,2.0,1.0,2.0,2.0,1.0,2
1.0,2.0,2.0,2.0,2.0,2.0,1.0,1.0,1.0,1.0,2.0,2.0,2.0,2.0,1.0,1.0,2
1.0,1.0,1.0,2.0,2.0,1.0,1.0,1.0,1.0,1.0,1.0,1.0,1.0,1.0,2.0,2.0,2
1.0,2.0,1.0,2.0,2.0,2.0,1.0,1.0,1.0,2.0,2.0,2.0,2.0,2.0,2.0,1.0,2
2.0,2.0,1.0,2.0,2.0,2.0,1.0,1.0,1.0,1.0,1.0,2.0,2.0,1.0,1.0,1.0,2
2.0,2.0,2.0,1.0,1.0,1.0,2.0,2.0,2.0,2.0,2.0,1.0,1.0,1.0,2.0,2.0,1
2.0,1.0,2.0,1.0,1.0,1.0,2.0,2.0,2.0,2.0,2.0,1.0,1.0,2.0,2.0,1.0,1
2.0,1.0,2.0,1.0,1.0,1.0,2.0,2.0,2.0,1.0,2.0,1.0,1.0,2.0,2.0,2.0,1
2.0,1.0,2.0,1.0,1.0,1.0,2.0,2.0,2.0,2.0,2.0,1.0,1.0,1.0,2.0,1.0,1
1.0,2.0,1.0,2.0,2.0,2.0,1.0,1.0,1.0,1.0,2.0,2.0,2.0,1.0,1.0,1.0,2
2.0,2.0,1.0,2.0,2.0,2.0,1.0,1.0,1.0,1.0,1.0,2.0,2.0,2.0,1.0,1.0,2
1.0,1.0,2.0,1.0,1.0,1.0,2.0,2.0,2.0,1.0,2.0,1.0,1.0,1.0,2.0,1.0,1
2.0,2.0,2.0,1.0,1.0,1.0,2.0,2.0,2.0,1.0,2.0,1.0,1.0,1.0,2.0,1.0,1
1.0,1.0,1.0,2.0,2.0,1.0,2.0,1.0,2.0,2.0,1.0,2.0,1.0,1.0,2.0,1.0,2
2.0,1.0,2.0,2.0,1.0,1.0,2.0,2.0,2.0,2.0,2.0,1.0,1.0,1.0,1.0,1.0,2
2.0,2.0,2.0,1.0,1.0,1.0,1.0,2.0,2.0,1.0,2.0,2.0,2.0,1.0,1.0,1.0,1
2.0,2.0,2.0,1.0,1.0,1.0,2.0,2.0,2.0,1.0,2.0,1.0,2.0,1.0,2.0,1.0,1
2.0,1.0,2.0,1.0,1.0,1.0,2.0,2.0,2.0,2.0,2.0,1.0,1.0,1.0,2.0,2.0,1
2.0,1.0,2.0,1.0,2.0,1.0,1.0,1.0,1.0,2.0,1.0,2.0,1.0,2.0,1.0,1.0,2
2.0,1.0,2.0,2.0,2.0,1.0,1.0,2.0,1.0,2.0,1.0,2.0,2.0,2.0,1.0,1.0,2
2.0,2.0,1.0,2.0,2.0,2.0,1.0,1.0,1.0,1.0,1.0,2.0,2.0,2.0,1.0,1.0,2
2.0,2.0,2.0,1.0,1.0,1.0,2.0,2.0,2.0,1.0,2.0,1.0,1.0,1.0,2.0,2.0,1
2.0,2.0,2.0,1.0,1.0,1.0,2.0,2.0,2.0,2.0,2.0,1.0,1.0,1.0,2.0,2.0,1
1.0,1.0,1.0,2.0,1.0,1.0,2.0,2.0,2.0,2.0,1.0,2.0,1.0,1.0,1.0,1.0,2
1.0,1.0,1.0,2.0,2.0,2.0,1.0,1.0,1.0,2.0,2.0,2.0,2.0,2.0,2.0,2.0,2
1.0,2.0,1.0,2.0,2.0,1.0,1.0,1.0,2.0,2.0,2.0,1.0,1.0,2.0,2.0,1.0,2
1.0,2.0,1.0,2.0,2.0,2.0,1.0,1.0,1.0,2.0,2.0,2.0,2.0,2.0,1.0,1.0,2
2.0,1.0,2.0,2.0,2.0,2.0,1.0,1.0,1.0,1.0,1.0,2.0,2.0,1.0,1.0,1.0,2
1.0,2.0,1.0,1.0,1.0,1.0,1.0,1.0,2.0,2.0,2.0,2.0,2.0,1.0,2.0,1.0,1
1.0,1.0,1.0,2.0,2.0,2.0,1.0,1.0,1.0,2.0,1.0,2.0,2.0,2.0,1.0,1.0,2
1.0,1.0,1.0,2.0,2.0,1.0,1.0,1.0,1.0,2.0,2.0,2.0,2.0,2.0,1.0,1.0,2
1.0,2.0,1.0,2.0,2.0,2.0,1.0,1.0,1.0,2.0,2.0,2.0,1.0,2.0,1.0,1.0,2
1.0,1.0,1.0,2.0,1.0,1.0,1.0,1.0,2.0,1.0,2.0,2.0,2.0,2.0,1.0,1.0,2
1.0,2.0,1.0,2.0,2.0,2.0,1.0,1.0,1.0,2.0,2.0,2.0,2.0,2.0,1.0,1.0,2
1.0,2.0,2.0,1.0,1.0,1.0,1.0,1.0,2.0,2.0,2.0,1.0,2.0,1.0,1.0,1.0,1
1.0,1.0,1.0,2.0,2.0,2.0,1.0,1.0,1.0,2.0,2.0,2.0,2.0,2.0,2.0,1.0,2
2.0,2.0,2.0,1.0,1.0,2.0,2.0,2.0,2.0,1.0,2.0,1.0,1.0,1.0,2.0,2.0,1
1.0,2.0,1.0,2.0,2.0,2.0,1.0,1.0,1.0,1.0,1.0,1.0,2.0,1.0,2.0,1.0,2
1.0,1.0,1.0,2.0,2.0,2.0,1.0,1.0,2.0,1.0,2.0,2.0,2.0,2.0,2.0,1.0,2
1.0,2.0,1.0,2.0,2.0,2.0,1.0,1.0,1.0,2.0,2.0,2.0,2.0,2.0,1.0,1.0,2
2.0,2.0,2.0,2.0,2.0,1.0,1.0,1.0,1.0,2.0,2.0,2.0,2.0,2.0,1.0,1.0,2
1.0,1.0,2.0,1.0,2.0,1.0,2.0,2.0,2.0,2.0,1.0,2.0,1.0,2.0,2.0,1.0,2
2.0,2.0,2.0,1.0,1.0,1.0,2.0,2.0,2.0,2.0,2.0,1.0,1.0,1.0,2.0,1.0,1
2.0,2.0,1.0,2.0,2.0,2.0,1.0,1.0,1.0,1.0,2.0,2.0,2.0,1.0,2.0,1.0,2
1.0,2.0,1.0,2.0,2.0,2.0,1.0,1.0,1.0,1.0,2.0,2.0,2.0,2.0,1.0,1.0,2
1.0,1.0,1.0,2.0,2.0,2.0,1.0,1.0,2.0,1.0,2.0,2.0,2.0,2.0,1.0,1.0,2
2.0,2.0,2.0,1.0,1.0,1.0,2.0,2.0,2.0,2.0,2.0,1.0,1.0,1.0,2.0,1.0,1
1.0,2.0,1.0,2.0,2.0,2.0,1.0,1.0,1.0,2.0,2.0,2.0,2.0,2.0,1.0,1.0,2
2.0,2.0,2.0,2.0,2.0,1.0,1.0,1.0,1.0,2.0,1.0,2.0,2.0,1.0,1.0,1.0,2
2.0,1.0,2.0,1.0,1.0,1.0,2.0,2.0,2.0,2.0,2.0,1.0,1.0,1.0,2.0,1.0,1
2.0,1.0,1.0,2.0,1.0,1.0,2.0,2.0,2.0,2.0,2.0,2.0,1.0,1.0,1.0,1.0,2
2.0,2.0,2.0,1.0,1.0,2.0,2.0,2.0,2.0,2.0,2.0,1.0,1.0,1.0,2.0,1.0,1
1.0,1.0,2.0,2.0,1.0,1.0,2.0,2.0,2.0,1.0,1.0,1.0,1.0,1.0,2.0,1.0,2
2.0,1.0,2.0,1.0,1.0,1.0,2.0,2.0,2.0,2.0,2.0,1.0,1.0,1.0,2.0,1.0,1
1.0,2.0,1.0,2.0,2.0,2.0,1.0,1.0,1.0,1.0,2.0,1.0,2.0,2.0,1.0,2.0,2
1.0,2.0,1.0,2.0,2.0,2.0,1.0,1.0,1.0,1.0,1.0,2.0,1.0,2.0,1.0,1.0,2
2.0,2.0,2.0,1.0,1.0,1.0,2.0,2.0,2.0,1.0,2.0,1.0,1.0,1.0,2.0,1.0,1
1.0,2.0,2.0,1.0,1.0,1.0,2.0,1.0,2.0,2.0,2.0,1.0,1.0,1.0,2.0,1.0,1
2.0,1.0,2.0,1.0,1.0,1.0,2.0,2.0,2.0,2.0,2.0,1.0,1.0,1.0,2.0,1.0,1
2.0,2.0,1.0,2.0,2.0,2.0,1.0,1.0,1.0,2.0,1.0,2.0,2.0,2.0,1.0,1.0,2
1.0,1.0,1.0,2.0,2.0,1.0,1.0,1.0,1.0,1.0,1.0,2.0,2.0,2.0,1.0,2.0,2
1.0,1.0,1.0,2.0,2.0,2.0,1.0,1.0,1.0,2.0,2.0,2.0,2.0,2.0,2.0,1.0,2
2.0,2.0,2.0,2.0,1.0,1.0,1.0,2.0,2.0,2.0,2.0,2.0,2.0,1.0,1.0,1.0,1
1.0,1.0,1.0,2.0,1.0,1.0,2.0,1.0,2.0,1.0,1.0,2.0,1.0,1.0,1.0,1.0,2
2.0,1.0,1.0,1.0,1.0,1.0,2.0,2.0,2.0,1.0,1.0,2.0,1.0,1.0,2.0,2.0,2
2.0,2.0,1.0,2.0,2.0,1.0,1.0,1.0,1.0,1.0,2.0,1.0,2.0,2.0,2.0,1.0,2
2.0,1.0,2.0,1.0,1.0,1.0,2.0,2.0,2.0,2.0,2.0,2.0,1.0,1.0,2.0,2.0,1
1.0,1.0,1.0,2.0,1.0,1.0,2.0,1.0,2.0,1.0,2.0,2.0,1.0,1.0,2.0,1.0,2
2.0,2.0,1.0,1.0,1.0,1.0,1.0,1.0,2.0,1.0,2.0,2.0,2.0,1.0,2.0,1.0,1
2.0,1.0,2.0,1.0,1.0,1.0,2.0,2.0,2.0,2.0,2.0,1.0,1.0,1.0,2.0,2.0,1
1.0,2.0,1.0,2.0,2.0,2.0,1.0,1.0,1.0,2.0,2.0,2.0,1.0,2.0,1.0,1.0,2
1.0,1.0,1.0,2.0,2.0,2.0,1.0,1.0,1.0,1.0,2.0,2.0,1.0,2.0,1.0,1.0,2
2.0,2.0,1.0,2.0,2.0,1.0,1.0,1.0,1.0,1.0,1.0,2.0,2.0,2.0,2.0,1.0,2
1.0,1.0,2.0,1.0,2.0,1.0,2.0,1.0,1.0,2.0,2.0,1.0,1.0,2.0,2.0,1.0,1
2.0,1.0,1.0,2.0,1.0,1.0,1.0,2.0,2.0,1.0,1.0,2.0,1.0,2.0,1.0,1.0,2
1.0,1.0,1.0,2.0,2.0,2.0,1.0,1.0,1.0,1.0,1.0,2.0,1.0,2.0,2.0,1.0,2
2.0,2.0,2.0,1.0,1.0,1.0,1.0,1.0,1.0,1.0,2.0,1.0,1.0,1.0,2.0,1.0,1
1.0,2.0,1.0,2.0,2.0,1.0,1.0,1.0,1.0,1.0,2.0,2.0,2.0,1.0,2.0,1.0,2
1.0,2.0,1.0,2.0,2.0,1.0,1.0,1.0,1.0,2.0,2.0,2.0,2.0,1.0,2.0,2.0,2
1.0,2.0,2.0,1.0,1.0,1.0,2.0,2.0,2.0,1.0,2.0,1.0,1.0,1.0,2.0,2.0,1
2.0,1.0,1.0,2.0,1.0,1.0,2.0,1.0,2.0,2.0,2.0,2.0,2.0,2.0,2.0,1.0,2
1.0,2.0,1.0,2.0,2.0,2.0,1.0,1.0,1.0,1.0,2.0,1.0,2.0,2.0,1.0,1.0,2
2.0,1.0,2.0,1.0,1.0,1.0,2.0,2.0,2.0,1.0,2.0,1.0,1.0,1.0,2.0,1.0,1
1.0,1.0,1.0,2.0,2.0,1.0,1.0,1.0,1.0,1.0,1.0,1.0,1.0,2.0,2.0,1.0,2
2.0,1.0,2.0,1.0,1.0,1.0,2.0,2.0,2.0,1.0,2.0,1.0,1.0,1.0,2.0,2.0,1
2.0,1.0,1.0,2.0,2.0,1.0,1.0,1.0,1.0,1.0,2.0,2.0,2.0,1.0,1.0,1.0,2
2.0,1.0,2.0,1.0,1.0,1.0,2.0,2.0,2.0,2.0,2.0,1.0,1.0,1.0,2.0,1.0,1
2.0,2.0,1.0,2.0,2.0,1.0,1.0,1.0,1.0,2.0,1.0,2.0,2.0,2.0,1.0,1.0,2
1.0,2.0,1.0,1.0,2.0,2.0,2.0,1.0,1.0,1.0,2.0,2.0,2.0,1.0,1.0,1.0,1
1.0,1.0,1.0,2.0,2.0,2.0,1.0,1.0,1.0,2.0,1.0,2.0,2.0,2.0,2.0,1.0,2
2.0,2.0,1.0,2.0,2.0,2.0,1.0,1.0,2.0,1.0,1.0,2.0,2.0,2.0,1.0,1.0,2
1.0,2.0,1.0,2.0,2.0,2.0,1.0,1.0,1.0,2.0,1.0,2.0,2.0,2.0,1.0,2.0,2
1.0,2.0,1.0,2.0,2.0,2.0,1.0,1.0,1.0,2.0,2.0,2.0,2.0,2.0,1.0,1.0,2
2.0,2.0,1.0,2.0,2.0,1.0,2.0,1.0,1.0,1.0,2.0,2.0,2.0,1.0,2.0,1.0,2
1.0,1.0,1.0,2.0,2.0,2.0,1.0,1.0,1.0,2.0,2.0,2.0,2.0,2.0,1.0,1.0,2
1.0,2.0,1.0,2.0,2.0,2.0,1.0,1.0,1.0,2.0,2.0,2.0,2.0,2.0,1.0,1.0,2
2.0,2.0,2.0,1.0,1.0,1.0,2.0,2.0,2.0,2.0,1.0,1.0,1.0,1.0,2.0,2.0,2
1.0,1.0,2.0,1.0,1.0,1.0,2.0,2.0,2.0,1.0,2.0,1.0,1.0,1.0,2.0,1.0,1
1.0,1.0,2.0,2.0,1.0,1.0,2.0,2.0,2.0,2.0,1.0,1.0,1.0,1.0,1.0,2.0,2
2.0,1.0,1.0,2.0,1.0,1.0,2.0,1.0,2.0,2.0,1.0,2.0,2.0,2.0,2.0,2.0,2
2.0,2.0,2.0,1.0,1.0,1.0,2.0,2.0,2.0,1.0,2.0,1.0,1.0,1.0,2.0,2.0,1
1.0,1.0,1.0,2.0,2.0,2.0,1.0,1.0,1.0,1.0,2.0,2.0,1.0,2.0,2.0,1.0,2
2.0,1.0,2.0,1.0,1.0,1.0,1.0,2.0,2.0,2.0,2.0,2.0,1.0,1.0,2.0,2.0,1
1.0,2.0,1.0,2.0,2.0,1.0,1.0,1.0,1.0,1.0,2.0,2.0,1.0,2.0,2.0,1.0,2
2.0,1.0,1.0,1.0,1.0,1.0,2.0,1.0,1.0,1.0,1.0,1.0,1.0,1.0,2.0,1.0,2
1.0,1.0,2.0,1.0,1.0,1.0,2.0,2.0,2.0,2.0,1.0,1.0,1.0,1.0,2.0,1.0,1
2.0,2.0,1.0,2.0,2.0,1.0,1.0,1.0,2.0,2.0,1.0,2.0,2.0,1.0,2.0,1.0,2
1.0,1.0,1.0,2.0,2.0,2.0,1.0,1.0,1.0,2.0,1.0,2.0,2.0,2.0,2.0,1.0,2
1.0,1.0,1.0,2.0,2.0,2.0,1.0,1.0,1.0,2.0,2.0,2.0,2.0,2.0,1.0,2.0,2
2.0,2.0,2.0,1.0,1.0,1.0,2.0,2.0,2.0,1.0,2.0,1.0,1.0,1.0,2.0,1.0,1
2.0,2.0,2.0,1.0,1.0,2.0,2.0,2.0,2.0,2.0,2.0,1.0,2.0,1.0,2.0,2.0,1
2.0,1.0,2.0,1.0,1.0,1.0,2.0,2.0,2.0,1.0,2.0,1.0,1.0,1.0,2.0,2.0,1
2.0,1.0,1.0,2.0,2.0,1.0,1.0,1.0,1.0,1.0,2.0,2.0,2.0,2.0,2.0,1.0,2
2.0,2.0,1.0,1.0,1.0,1.0,1.0,2.0,2.0,2.0,2.0,1.0,1.0,1.0,2.0,1.0,1
1.0,2.0,1.0,2.0,1.0,1.0,2.0,2.0,1.0,1.0,2.0,2.0,1.0,1.0,2.0,1.0,2
1.0,1.0,1.0,2.0,2.0,1.0,1.0,1.0,1.0,1.0,2.0,2.0,2.0,2.0,1.0,1.0,2
1.0,2.0,2.0,1.0,1.0,1.0,2.0,2.0,2.0,2.0,1.0,1.0,1.0,1.0,2.0,2.0,1
2.0,1.0,2.0,1.0,1.0,1.0,1.0,1.0,2.0,2.0,1.0,2.0,1.0,2.0,1.0,1.0,1
2.0,1.0,1.0,1.0,1.0,1.0,2.0,2.0,2.0,2.0,1.0,2.0,1.0,1.0,2.0,2.0,2
2.0,2.0,2.0,2.0,1.0,1.0,1.0,2.0,2.0,2.0,2.0,1.0,1.0,1.0,2.0,1.0,2
2.0,2.0,2.0,1.0,1.0,1.0,2.0,2.0,2.0,1.0,1.0,1.0,1.0,1.0,2.0,1.0,1
2.0,2.0,2.0,1.0,1.0,1.0,2.0,2.0,2.0,2.0,2.0,1.0,1.0,1.0,2.0,1.0,1
1.0,2.0,1.0,2.0,2.0,2.0,1.0,1.0,1.0,1.0,2.0,2.0,2.0,2.0,1.0,1.0,2
2.0,2.0,1.0,2.0,2.0,1.0,1.0,1.0,1.0,1.0,1.0,1.0,2.0,1.0,1.0,1.0,2
2.0,1.0,2.0,1.0,1.0,1.0,2.0,2.0,2.0,2.0,2.0,1.0,1.0,1.0,2.0,2.0,1
1.0,2.0,1.0,2.0,2.0,2.0,1.0,1.0,2.0,2.0,1.0,2.0,2.0,2.0,1.0,1.0,2
2.0,1.0,2.0,1.0,1.0,1.0,1.0,2.0,2.0,2.0,2.0,2.0,1.0,1.0,2.0,2.0,1
1.0,1.0,1.0,1.0,1.0,2.0,1.0,2.0,2.0,2.0,2.0,1.0,1.0,1.0,2.0,1.0,1
2.0,1.0,1.0,2.0,2.0,2.0,2.0,1.0,1.0,2.0,1.0,2.0,2.0,1.0,1.0,1.0,2
1.0,2.0,1.0,2.0,2.0,2.0,1.0,1.0,1.0,2.0,2.0,2.0,2.0,2.0,1.0,1.0,2
2.0,2.0,2.0,1.0,1.0,1.0,2.0,2.0,2.0,1.0,2.0,1.0,1.0,1.0,2.0,2.0,1
1.0,1.0,1.0,2.0,2.0,2.0,1.0,1.0,1.0,2.0,1.0,2.0,2.0,2.0,1.0,1.0,2
2.0,1.0,1.0,2.0,2.0,1.0,2.0,1.0,1.0,2.0,1.0,2.0,1.0,1.0,2.0,2.0,2
1.0,2.0,2.0,2.0,1.0,1.0,1.0,2.0,2.0,2.0,2.0,2.0,2.0,1.0,1.0,2.0,2
2.0,1.0,1.0,2.0,2.0,1.0,1.0,1.0,2.0,1.0,1.0,2.0,1.0,1.0,2.0,1.0,2
2.0,1.0,2.0,1.0,1.0,1.0,2.0,2.0,2.0,1.0,2.0,1.0,1.0,1.0,2.0,2.0,1
2.0,2.0,1.0,1.0,2.0,2.0,1.0,1.0,1.0,1.0,2.0,2.0,2.0,1.0,1.0,1.0,1
2.0,1.0,2.0,1.0,1.0,1.0,2.0,2.0,2.0,2.0,2.0,1.0,1.0,1.0,2.0,1.0,1
1.0,1.0,2.0,1.0,1.0,1.0,2.0,2.0,2.0,1.0,2.0,2.0,1.0,1.0,2.0,1.0,1
1.0,1.0,1.0,2.0,2.0,2.0,1.0,1.0,1.0,2.0,1.0,2.0,2.0,2.0,1.0,1.0,2
2.0,2.0,2.0,1.0,1.0,1.0,2.0,2.0,2.0,1.0,2.0,1.0,1.0,1.0,2.0,1.0,1
2.0,2.0,2.0,1.0,1.0,1.0,2.0,2.0,2.0,1.0,2.0,1.0,1.0,1.0,2.0,2.0,1
2.0,2.0,2.0,1.0,1.0,1.0,1.0,1.0,2.0,1.0,2.0,1.0,1.0,1.0,2.0,1.0,1
1.0,1.0,2.0,1.0,1.0,1.0,2.0,2.0,2.0,1.0,2.0,1.0,1.0,1.0,2.0,1.0,1
1.0,1.0,1.0,1.0,1.0,1.0,1.0,1.0,2.0,1.0,2.0,1.0,1.0,1.0,2.0,1.0,1
1.0,1.0,1.0,2.0,2.0,2.0,1.0,1.0,1.0,2.0,1.0,2.0,2.0,2.0,1.0,1.0,2
2.0,2.0,2.0,1.0,1.0,1.0,2.0,2.0,2.0,1.0,2.0,1.0,1.0,1.0,2.0,1.0,1
2.0,2.0,1.0,2.0,1.0,1.0,2.0,2.0,2.0,2.0,2.0,2.0,1.0,1.0,2.0,2.0,2
2.0,1.0,2.0,1.0,1.0,1.0,1.0,2.0,2.0,2.0,1.0,1.0,1.0,1.0,2.0,1.0,1
1.0,2.0,1.0,2.0,1.0,1.0,1.0,2.0,1.0,1.0,2.0,2.0,1.0,1.0,2.0,1.0,2
1.0,1.0,1.0,2.0,1.0,1.0,1.0,1.0,1.0,1.0,1.0,2.0,1.0,1.0,2.0,1.0,2
1.0,2.0,1.0,2.0,2.0,1.0,1.0,1.0,1.0,1.0,2.0,1.0,2.0,1.0,2.0,2.0,2
2.0,1.0,2.0,2.0,2.0,2.0,1.0,1.0,1.0,1.0,1.0,2.0,2.0,2.0,1.0,1.0,2
1.0,2.0,1.0,2.0,2.0,1.0,1.0,1.0,1.0,2.0,2.0,2.0,2.0,2.0,1.0,1.0,2
1.0,1.0,1.0,2.0,1.0,1.0,2.0,1.0,2.0,2.0,1.0,2.0,1.0,2.0,1.0,1.0,2
1.0,1.0,1.0,2.0,2.0,1.0,2.0,1.0,2.0,2.0,1.0,1.0,2.0,1.0,2.0,2.0,2
2.0,1.0,2.0,2.0,1.0,1.0,2.0,2.0,2.0,2.0,2.0,1.0,1.0,1.0,2.0,1.0,2
2.0,2.0,1.0,2.0,2.0,2.0,1.0,1.0,1.0,1.0,2.0,2.0,2.0,2.0,2.0,1.0,2
2.0,2.0,1.0,2.0,2.0,2.0,1.0,1.0,1.0,1.0,2.0,2.0,2.0,2.0,1.0,1.0,2
2.0,2.0,2.0,1.0,1.0,1.0,2.0,2.0,2.0,2.0,2.0,1.0,1.0,1.0,2.0,2.0,1
1.0,2.0,2.0,1.0,1.0,1.0,1.0,2.0,2.0,1.0,2.0,1.0,1.0,1.0,2.0,1.0,1
2.0,1.0,2.0,1.0,1.0,1.0,2.0,2.0,2.0,2.0,2.0,1.0,2.0,2.0,2.0,2.0,1
2.0,2.0,2.0,1.0,1.0,1.0,2.0,2.0,2.0,1.0,2.0,1.0,2.0,1.0,2.0,1.0,1
1.0,1.0,1.0,2.0,2.0,2.0,1.0,1.0,1.0,1.0,2.0,2.0,2.0,2.0,1.0,1.0,2
1.0,1.0,1.0,2.0,2.0,2.0,1.0,1.0,2.0,2.0,1.0,2.0,2.0,2.0,1.0,1.0,2
2.0,2.0,2.0,1.0,1.0,1.0,2.0,2.0,2.0,2.0,2.0,1.0,1.0,1.0,2.0,2.0,1
2.0,2.0,2.0,1.0,1.0,2.0,1.0,1.0,2.0,1.0,2.0,1.0,1.0,1.0,1.0,1.0,1
2.0,2.0,1.0,2.0,1.0,1.0,2.0,2.0,2.0,2.0,1.0,1.0,1.0,1.0,2.0,1.0,2
2.0,2.0,1.0,1.0,1.0,1.0,2.0,2.0,2.0,1.0,2.0,1.0,1.0,1.0,1.0,1.0,1
1.0,1.0,1.0,2.0,2.0,2.0,1.0,1.0,1.0,2.0,1.0,2.0,2.0,2.0,1.0,2.0,2
2.0,2.0,2.0,1.0,1.0,2.0,1.0,1.0,1.0,1.0,2.0,1.0,1.0,1.0,2.0,1.0,1
1.0,1.0,1.0,2.0,2.0,2.0,1.0,1.0,1.0,2.0,2.0,2.0,2.0,2.0,1.0,1.0,2
2.0,2.0,2.0,1.0,1.0,1.0,2.0,2.0,2.0,2.0,2.0,1.0,1.0,1.0,2.0,2.0,1
1.0,2.0,1.0,2.0,2.0,2.0,1.0,1.0,1.0,2.0,2.0,2.0,2.0,2.0,1.0,1.0,2
2.0,2.0,1.0,1.0,1.0,1.0,2.0,2.0,1.0,2.0,2.0,2.0,1.0,1.0,1.0,1.0,2
2.0,2.0,1.0,2.0,2.0,2.0,1.0,1.0,1.0,2.0,2.0,2.0,2.0,2.0,1.0,1.0,2
1.0,2.0,1.0,2.0,1.0,1.0,1.0,2.0,2.0,2.0,1.0,2.0,2.0,1.0,2.0,1.0,2
2.0,1.0,1.0,2.0,2.0,1.0,2.0,1.0,1.0,2.0,1.0,2.0,1.0,2.0,1.0,1.0,2
2.0,2.0,2.0,2.0,2.0,1.0,2.0,1.0,1.0,2.0,1.0,1.0,1.0,1.0,1.0,2.0,2
2.0,1.0,1.0,2.0,2.0,1.0,1.0,1.0,2.0,1.0,2.0,2.0,2.0,2.0,1.0,1.0,2
1.0,2.0,1.0,2.0,2.0,2.0,1.0,1.0,1.0,2.0,2.0,2.0,2.0,2.0,1.0,1.0,2
2.0,1.0,2.0,1.0,1.0,1.0,2.0,2.0,2.0,2.0,2.0,1.0,1.0,1.0,2.0,1.0,1
2.0,2.0,2.0,2.0,2.0,2.0,1.0,1.0,1.0,1.0,2.0,1.0,1.0,1.0,1.0,1.0,2
1.0,1.0,1.0,1.0,2.0,2.0,2.0,1.0,2.0,2.0,1.0,2.0,2.0,2.0,1.0,1.0,2
2.0,1.0,2.0,1.0,1.0,1.0,2.0,2.0,2.0,1.0,2.0,1.0,1.0,1.0,2.0,1.0,1
2.0,1.0,1.0,1.0,1.0,1.0,2.0,2.0,2.0,2.0,2.0,1.0,1.0,1.0,2.0,2.0,2
2.0,2.0,2.0,1.0,1.0,1.0,1.0,2.0,2.0,1.0,2.0,1.0,2.0,1.0,1.0,1.0,1
1.0,1.0,2.0,2.0,2.0,2.0,2.0,1.0,1.0,2.0,1.0,2.0,2.0,2.0,1.0,2.0,2
2.0,1.0,2.0,1.0,1.0,1.0,2.0,2.0,2.0,2.0,2.0,1.0,1.0,1.0,2.0,1.0,1
2.0,2.0,2.0,1.0,1.0,1.0,2.0,2.0,2.0,2.0,2.0,1.0,1.0,1.0,2.0,2.0,1
2.0,2.0,1.0,2.0,2.0,2.0,1.0,1.0,1.0,2.0,2.0,2.0,2.0,1.0,1.0,1.0,2
1.0,2.0,2.0,2.0,1.0,1.0,1.0,2.0,2.0,1.0,1.0,2.0,2.0,1.0,2.0,1.0,2
2.0,1.0,2.0,1.0,1.0,1.0,2.0,2.0,2.0,1.0,2.0,1.0,1.0,1.0,2.0,2.0,1
2.0,2.0,1.0,2.0,2.0,2.0,1.0,1.0,1.0,1.0,2.0,2.0,2.0,2.0,1.0,1.0,2
1.0,2.0,2.0,2.0,1.0,1.0,2.0,2.0,2.0,2.0,1.0,1.0,2.0,1.0,2.0,1.0,2
2.0,2.0,1.0,2.0,2.0,1.0,1.0,1.0,1.0,1.0,1.0,2.0,1.0,1.0,2.0,1.0,2
2.0,2.0,2.0,1.0,1.0,1.0,2.0,2.0,2.0,1.0,2.0,1.0,1.0,1.0,2.0,2.0,1
1.0,1.0,1.0,2.0,2.0,2.0,1.0,1.0,1.0,2.0,2.0,2.0,2.0,2.0,1.0,1.0,2
2.0,2.0,2.0,1.0,2.0,1.0,1.0,2.0,1.0,2.0,2.0,1.0,1.0,1.0,2.0,1.0,1
1.0,2.0,1.0,2.0,2.0,2.0,1.0,1.0,1.0,2.0,2.0,2.0,2.0,2.0,1.0,1.0,2
1.0,2.0,2.0,2.0,2.0,1.0,1.0,2.0,2.0,2.0,1.0,1.0,2.0,1.0,2.0,2.0,2
1.0,1.0,1.0,2.0,2.0,2.0,1.0,1.0,1.0,2.0,1.0,2.0,2.0,2.0,2.0,1.0,2
1.0,1.0,1.0,2.0,2.0,2.0,1.0,1.0,1.0,1.0,1.0,2.0,2.0,2.0,2.0,1.0,2
2.0,1.0,2.0,1.0,1.0,1.0,1.0,1.0,2.0,2.0,1.0,1.0,1.0,1.0,1.0,1.0,1
2.0,2.0,2.0,1.0,1.0,1.0,2.0,2.0,2.0,2.0,2.0,1.0,1.0,1.0,2.0,1.0,1
1.0,1.0,1.0,1.0,1.0,1.0,2.0,2.0,2.0,2.0,1.0,1.0,1.0,1.0,2.0,1.0,2
2.0,1.0,1.0,1.0,1.0,1.0,2.0,2.0,2.0,1.0,1.0,1.0,1.0,1.0,1.0,1.0,2
1.0,1.0,1.0,2.0,2.0,2.0,1.0,1.0,2.0,1.0,1.0,2.0,2.0,2.0,1.0,1.0,2
2.0,2.0,2.0,1.0,1.0,1.0,2.0,2.0,2.0,2.0,2.0,1.0,1.0,1.0,2.0,1.0,1
1.0,2.0,1.0,2.0,1.0,1.0,1.0,2.0,2.0,2.0,1.0,2.0,1.0,1.0,1.0,1.0,2
2.0,2.0,1.0,1.0,1.0,1.0,2.0,2.0,1.0,1.0,2.0,1.0,1.0,1.0,2.0,1.0,1
1.0,1.0,1.0,2.0,2.0,2.0,1.0,1.0,1.0,2.0,2.0,2.0,2.0,2.0,1.0,2.0,2
2.0,1.0,2.0,1.0,1.0,1.0,2.0,2.0,2.0,2.0,1.0,2.0,1.0,1.0,2.0,2.0,1
2.0,2.0,2.0,1.0,1.0,1.0,2.0,2.0,2.0,2.0,2.0,1.0,1.0,1.0,2.0,1.0,1
2.0,2.0,2.0,1.0,1.0,1.0,2.0,2.0,2.0,1.0,2.0,1.0,1.0,1.0,2.0,2.0,1
1.0,2.0,1.0,2.0,2.0,2.0,1.0,1.0,1.0,2.0,1.0,2.0,2.0,2.0,1.0,1.0,2
2.0,2.0,2.0,2.0,1.0,1.0,2.0,2.0,2.0,1.0,1.0,1.0,1.0,1.0,2.0,1.0,2
1.0,1.0,2.0,1.0,1.0,1.0,2.0,2.0,1.0,2.0,1.0,1.0,1.0,1.0,2.0,2.0,2
1.0,1.0,1.0,2.0,2.0,2.0,1.0,1.0,1.0,2.0,1.0,2.0,2.0,2.0,2.0,1.0,2
2.0,1.0,1.0,2.0,1.0,1.0,1.0,1.0,1.0,1.0,1.0,2.0,2.0,1.0,2.0,2.0,2
1.0,1.0,1.0,2.0,2.0,2.0,1.0,1.0,1.0,2.0,2.0,2.0,2.0,2.0,1.0,1.0,2
1.0,1.0,2.0,1.0,1.0,1.0,2.0,2.0,2.0,1.0,2.0,1.0,1.0,1.0,2.0,2.0,1
2.0,1.0,1.0,2.0,2.0,2.0,1.0,1.0,1.0,1.0,1.0,2.0,2.0,2.0,1.0,1.0,2
2.0,1.0,2.0,1.0,1.0,1.0,1.0,1.0,2.0,1.0,2.0,1.0,1.0,1.0,2.0,1.0,1
2.0,2.0,1.0,2.0,2.0,2.0,1.0,1.0,1.0,2.0,2.0,2.0,2.0,2.0,1.0,1.0,2
1.0,1.0,1.0,2.0,2.0,1.0,1.0,1.0,1.0,2.0,1.0,2.0,1.0,2.0,1.0,1.0,2
2.0,2.0,1.0,1.0,1.0,1.0,1.0,1.0,1.0,1.0,2.0,1.0,1.0,1.0,1.0,1.0,1
1.0,1.0,1.0,2.0,1.0,1.0,2.0,1.0,1.0,1.0,1.0,2.0,2.0,2.0,2.0,1.0,2
1.0,1.0,1.0,2.0,2.0,2.0,1.0,1.0,1.0,2.0,2.0,2.0,2.0,2.0,1.0,1.0,2
1.0,2.0,1.0,2.0,2.0,2.0,1.0,1.0,2.0,1.0,1.0,2.0,2.0,2.0,2.0,2.0,2
1.0,1.0,1.0,2.0,2.0,1.0,1.0,1.0,1.0,1.0,1.0,2.0,1.0,1.0,1.0,1.0,2
1.0,1.0,1.0,2.0,1.0,2.0,1.0,1.0,1.0,1.0,2.0,2.0,2.0,2.0,1.0,1.0,2
1.0,1.0,2.0,1.0,1.0,1.0,2.0,2.0,2.0,1.0,1.0,2.0,1.0,2.0,2.0,2.0,1
2.0,2.0,2.0,1.0,1.0,1.0,2.0,2.0,2.0,2.0,1.0,1.0,1.0,1.0,2.0,1.0,1
1.0,1.0,1.0,2.0,2.0,2.0,1.0,1.0,2.0,2.0,2.0,2.0,2.0,1.0,2.0,1.0,2
2.0,1.0,1.0,1.0,1.0,1.0,2.0,1.0,2.0,1.0,1.0,2.0,1.0,1.0,2.0,1.0,2
2.0,2.0,1.0,2.0,2.0,1.0,1.0,1.0,1.0,2.0,1.0,1.0,2.0,1.0,1.0,1.0,2
2.0,1.0,2.0,1.0,1.0,1.0,2.0,2.0,2.0,1.0,1.0,1.0,1.0,1.0,2.0,1.0,1
1.0,1.0,1.0,2.0,1.0,1.0,2.0,2.0,2.0,1.0,2.0,2.0,2.0,1.0,1.0,1.0,2
2.0,1.0,2.0,1.0,1.0,2.0,2.0,2.0,2.0,2.0,2.0,2.0,1.0,1.0,2.0,2.0,1
2.0,2.0,2.0,1.0,1.0,1.0,2.0,2.0,2.0,2.0,2.0,1.0,1.0,1.0,2.0,2.0,1
1.0,1.0,1.0,2.0,2.0,2.0,1.0,1.0,1.0,2.0,2.0,2.0,2.0,2.0,1.0,1.0,2
2.0,2.0,2.0,1.0,2.0,2.0,1.0,1.0,1.0,1.0,2.0,2.0,1.0,1.0,2.0,1.0,1
2.0,2.0,1.0,2.0,1.0,2.0,1.0,1.0,1.0,2.0,2.0,2.0,2.0,1.0,1.0,1.0,2
1.0,1.0,1.0,2.0,2.0,2.0,2.0,1.0,1.0,2.0,1.0,2.0,2.0,2.0,1.0,1.0,2
1.0,1.0,1.0,2.0,2.0,1.0,1.0,1.0,1.0,1.0,2.0,2.0,2.0,2.0,1.0,1.0,2
2.0,1.0,1.0,2.0,2.0,1.0,1.0,1.0,1.0,1.0,2.0,2.0,1.0,1.0,1.0,1.0,2
2.0,2.0,2.0,1.0,1.0,1.0,2.0,2.0,2.0,1.0,2.0,1.0,2.0,1.0,2.0,1.0,1
2.0,1.0,1.0,2.0,2.0,1.0,1.0,1.0,1.0,2.0,1.0,1.0,2.0,2.0,1.0,1.0,2
2.0,2.0,1.0,1.0,1.0,1.0,2.0,2.0,2.0,1.0,2.0,2.0,2.0,1.0,2.0,1.0,1
1.0,1.0,2.0,1.0,1.0,1.0,2.0,2.0,2.0,1.0,2.0,1.0,1.0,1.0,2.0,1.0,1
2.0,2.0,1.0,2.0,2.0,2.0,1.0,1.0,1.0,2.0,2.0,2.0,2.0,2.0,1.0,1.0,2
2.0,2.0,1.0,2.0,2.0,2.0,1.0,1.0,1.0,2.0,2.0,1.0,2.0,2.0,1.0,1.0,2
1.0,2.0,1.0,2.0,2.0,2.0,1.0,1.0,1.0,1.0,2.0,2.0,2.0,2.0,1.0,1.0,2
2.0,2.0,2.0,1.0,1.0,1.0,2.0,2.0,2.0,2.0,2.0,1.0,1.0,1.0,2.0,2.0,1
1.0,2.0,2.0,1.0,1.0,2.0,1.0,1.0,1.0,2.0,2.0,1.0,1.0,1.0,2.0,1.0,1
2.0,1.0,1.0,2.0,2.0,1.0,1.0,1.0,1.0,2.0,1.0,2.0,2.0,1.0,1.0,1.0,2
2.0,2.0,2.0,1.0,1.0,1.0,2.0,2.0,2.0,2.0,2.0,1.0,1.0,1.0,1.0,2.0,1
1.0,2.0,1.0,2.0,2.0,2.0,1.0,1.0,1.0,1.0,2.0,2.0,2.0,2.0,1.0,1.0,2
1.0,2.0,1.0,2.0,2.0,1.0,1.0,1.0,1.0,1.0,1.0,2.0,2.0,2.0,2.0,1.0,2
2.0,2.0,1.0,2.0,2.0,2.0,1.0,1.0,1.0,1.0,2.0,2.0,1.0,2.0,1.0,1.0,2
1.0,1.0,1.0,1.0,2.0,2.0,1.0,1.0,1.0,1.0,1.0,2.0,2.0,1.0,2.0,1.0,1
1.0,2.0,1.0,2.0,2.0,2.0,1.0,1.0,1.0,2.0,2.0,2.0,2.0,2.0,2.0,1.0,2
1.0,2.0,1.0,2.0,2.0,2.0,1.0,1.0,1.0,2.0,2.0,2.0,2.0,2.0,1.0,2.0,2
1.0,2.0,1.0,2.0,2.0,2.0,1.0,1.0,1.0,1.0,2.0,2.0,2.0,2.0,2.0,1.0,2
1.0,1.0,2.0,2.0,2.0,2.0,1.0,1.0,1.0,2.0,1.0,2.0,2.0,2.0,1.0,1.0,2
2.0,2.0,1.0,2.0,2.0,2.0,1.0,1.0,1.0,1.0,1.0,2.0,2.0,2.0,1.0,1.0,2
2.0,2.0,1.0,2.0,2.0,2.0,1.0,1.0,1.0,2.0,1.0,2.0,2.0,2.0,1.0,1.0,2
2.0,2.0,2.0,1.0,1.0,1.0,2.0,2.0,2.0,1.0,2.0,2.0,1.0,1.0,2.0,1.0,1
2.0,1.0,2.0,1.0,1.0,1.0,2.0,2.0,2.0,2.0,2.0,1.0,1.0,1.0,2.0,1.0,1
2.0,2.0,1.0,2.0,2.0,1.0,1.0,1.0,1.0,1.0,2.0,1.0,2.0,1.0,1.0,1.0,2
1.0,2.0,1.0,2.0,1.0,1.0,2.0,2.0,2.0,2.0,1.0,2.0,2.0,2.0,1.0,1.0,2
2.0,1.0,2.0,2.0,2.0,1.0,1.0,1.0,1.0,1.0,2.0,2.0,2.0,1.0,2.0,1.0,2
1.0,2.0,1.0,2.0,2.0,1.0,1.0,1.0,1.0,1.0,1.0,2.0,2.0,2.0,1.0,1.0,2
2.0,1.0,2.0,1.0,1.0,1.0,2.0,2.0,2.0,1.0,2.0,1.0,1.0,1.0,2.0,2.0,1
2.0,2.0,1.0,1.0,1.0,1.0,1.0,2.0,2.0,1.0,1.0,1.0,1.0,1.0,2.0,1.0,1
2.0,1.0,2.0,1.0,1.0,1.0,2.0,2.0,2.0,2.0,2.0,1.0,1.0,1.0,2.0,2.0,1
2.0,1.0,2.0,1.0,1.0,1.0,2.0,2.0,2.0,2.0,1.0,1.0,1.0,1.0,2.0,2.0,1
2.0,2.0,1.0,2.0,2.0,1.0,1.0,1.0,1.0,1.0,2.0,2.0,2.0,1.0,2.0,1.0,2
1.0,2.0,1.0,2.0,2.0,2.0,1.0,2.0,1.0,1.0,1.0,2.0,2.0,2.0,1.0,1.0,2
2.0,1.0,1.0,2.0,2.0,1.0,1.0,1.0,1.0,1.0,1.0,2.0,1.0,2.0,1.0,1.0,2
2.0,1.0,2.0,1.0,1.0,1.0,2.0,2.0,2.0,2.0,2.0,1.0,1.0,1.0,2.0,2.0,1
2.0,2.0,2.0,1.0,1.0,1.0,2.0,2.0,2.0,2.0,2.0,1.0,1.0,1.0,2.0,2.0,1
1.0,1.0,1.0,2.0,2.0,1.0,1.0,1.0,1.0,1.0,2.0,2.0,1.0,2.0,1.0,1.0,2
1.0,1.0,1.0,2.0,2.0,2.0,1.0,1.0,1.0,2.0,1.0,2.0,2.0,2.0,1.0,1.0,2
1.0,1.0,1.0,2.0,1.0,1.0,2.0,2.0,2.0,1.0,1.0,2.0,1.0,1.0,2.0,1.0,2
1.0,2.0,1.0,2.0,2.0,2.0,1.0,1.0,1.0,2.0,2.0,2.0,2.0,2.0,1.0,1.0,2
2.0,2.0,2.0,1.0,1.0,1.0,2.0,2.0,2.0,1.0,2.0,1.0,1.0,1.0,2.0,1.0,1
2.0,1.0,1.0,1.0,1.0,1.0,1.0,1.0,1.0,2.0,2.0,1.0,1.0,1.0,2.0,1.0,1
2.0,2.0,2.0,1.0,1.0,1.0,2.0,2.0,2.0,1.0,2.0,1.0,1.0,1.0,1.0,2.0,1
2.0,1.0,1.0,2.0,1.0,1.0,1.0,1.0,2.0,2.0,1.0,2.0,1.0,2.0,1.0,1.0,2
1.0,2.0,1.0,1.0,1.0,2.0,1.0,2.0,1.0,1.0,2.0,2.0,1.0,1.0,2.0,1.0,1
2.0,1.0,2.0,1.0,1.0,1.0,2.0,2.0,2.0,1.0,2.0,1.0,1.0,1.0,2.0,1.0,1
1.0,2.0,1.0,2.0,2.0,2.0,1.0,1.0,1.0,1.0,2.0,2.0,2.0,2.0,2.0,1.0,2
2.0,1.0,1.0,1.0,1.0,1.0,2.0,2.0,2.0,2.0,1.0,1.0,2.0,1.0,2.0,2.0,2
2.0,1.0,1.0,2.0,2.0,2.0,1.0,1.0,1.0,2.0,2.0,2.0,1.0,2.0,2.0,2.0,2
2.0,1.0,1.0,2.0,2.0,1.0,1.0,1.0,1.0,1.0,1.0,2.0,2.0,1.0,1.0,1.0,2
2.0,1.0,2.0,1.0,1.0,1.0,2.0,2.0,2.0,2.0,2.0,1.0,1.0,1.0,2.0,2.0,1
1.0,2.0,1.0,2.0,2.0,2.0,1.0,1.0,1.0,2.0,2.0,2.0,2.0,2.0,2.0,1.0,2
2.0,1.0,1.0,2.0,1.0,1.0,1.0,2.0,2.0,2.0,1.0,1.0,1.0,1.0,2.0,1.0,2
2.0,1.0,2.0,1.0,1.0,1.0,2.0,2.0,2.0,1.0,2.0,1.0,1.0,1.0,2.0,1.0,1
1.0,2.0,2.0,2.0,2.0,1.0,1.0,1.0,1.0,1.0,2.0,2.0,1.0,1.0,2.0,2.0,2
1.0,1.0,1.0,2.0,2.0,2.0,1.0,1.0,1.0,2.0,2.0,2.0,2.0,2.0,2.0,1.0,2
2.0,2.0,1.0,2.0,2.0,1.0,1.0,1.0,1.0,1.0,1.0,2.0,2.0,2.0,1.0,1.0,2
1.0,1.0,1.0,2.0,1.0,1.0,1.0,1.0,2.0,1.0,1.0,2.0,2.0,2.0,1.0,2.0,2
2.0,1.0,1.0,2.0,2.0,1.0,2.0,1.0,1.0,1.0,1.0,2.0,1.0,2.0,1.0,1.0,2
1.0,2.0,1.0,2.0,2.0,2.0,1.0,1.0,1.0,2.0,2.0,2.0,2.0,2.0,2.0,1.0,2
2.0,1.0,2.0,1.0,1.0,1.0,2.0,2.0,2.0,2.0,2.0,2.0,1.0,1.0,2.0,1.0,1
1.0,2.0,1.0,2.0,1.0,1.0,2.0,1.0,1.0,1.0,2.0,2.0,1.0,1.0,2.0,1.0,2
2.0,1.0,2.0,1.0,1.0,1.0,2.0,2.0,2.0,2.0,2.0,2.0,1.0,1.0,1.0,1.0,1
1.0,2.0,1.0,2.0,2.0,1.0,1.0,1.0,2.0,1.0,1.0,2.0,1.0,1.0,1.0,1.0,2
1.0,2.0,1.0,2.0,2.0,2.0,1.0,1.0,1.0,2.0,2.0,2.0,2.0,2.0,1.0,1.0,2
1.0,2.0,1.0,2.0,2.0,2.0,1.0,1.0,1.0,1.0,1.0,2.0,2.0,2.0,1.0,1.0,2
1.0,2.0,1.0,2.0,2.0,2.0,1.0,1.0,1.0,1.0,1.0,2.0,2.0,2.0,1.0,1.0,2
2.0,1.0,1.0,2.0,2.0,2.0,1.0,1.0,1.0,1.0,2.0,2.0,2.0,2.0,1.0,1.0,2
2.0,2.0,1.0,2.0,2.0,1.0,1.0,1.0,1.0,1.0,2.0,2.0,2.0,1.0,2.0,1.0,2
1.0,2.0,1.0,1.0,1.0,1.0,1.0,1.0,2.0,1.0,2.0,1.0,2.0,1.0,1.0,1.0,1
2.0,2.0,2.0,1.0,1.0,1.0,2.0,2.0,2.0,2.0,2.0,1.0,1.0,1.0,2.0,1.0,1
1.0,2.0,1.0,2.0,2.0,1.0,1.0,1.0,1.0,2.0,2.0,1.0,1.0,1.0,1.0,1.0,2
2.0,2.0,1.0,2.0,2.0,2.0,1.0,1.0,2.0,2.0,1.0,2.0,2.0,2.0,1.0,1.0,2
2.0,1.0,1.0,2.0,2.0,2.0,2.0,1.0,1.0,1.0,1.0,2.0,2.0,2.0,1.0,1.0,2
2.0,1.0,2.0,1.0,1.0,1.0,2.0,2.0,2.0,2.0,2.0,1.0,1.0,1.0,2.0,2.0,1
2.0,1.0,2.0,1.0,1.0,1.0,2.0,2.0,2.0,1.0,2.0,1.0,1.0,1.0,2.0,2.0,1
2.0,1.0,2.0,1.0,1.0,1.0,2.0,2.0,2.0,1.0,2.0,1.0,1.0,1.0,2.0,2.0,1
1.0,2.0,1.0,2.0,2.0,2.0,2.0,1.0,1.0,1.0,2.0,2.0,2.0,2.0,1.0,1.0,2
2.0,1.0,1.0,2.0,1.0,1.0,2.0,2.0,2.0,1.0,1.0,1.0,1.0,1.0,2.0,2.0,2
1.0,2.0,1.0,2.0,2.0,2.0,1.0,1.0,1.0,2.0,2.0,2.0,2.0,2.0,1.0,1.0,2
1.0,1.0,2.0,1.0,1.0,1.0,1.0,2.0,2.0,2.0,2.0,1.0,1.0,1.0,2.0,1.0,1
2.0,1.0,1.0,1.0,1.0,1.0,2.0,2.0,2.0,1.0,2.0,1.0,1.0,1.0,2.0,1.0,1
1.0,1.0,2.0,1.0,1.0,1.0,2.0,2.0,2.0,2.0,1.0,2.0,1.0,1.0,2.0,1.0,2
2.0,1.0,1.0,2.0,2.0,1.0,1.0,1.0,1.0,2.0,2.0,2.0,2.0,2.0,2.0,1.0,2
1.0,1.0,2.0,1.0,1.0,1.0,1.0,2.0,2.0,2.0,2.0,1.0,1.0,1.0,2.0,2.0,1
1.0,1.0,1.0,2.0,2.0,2.0,1.0,1.0,1.0,2.0,2.0,2.0,2.0,2.0,2.0,1.0,2
1.0,1.0,1.0,2.0,2.0,2.0,1.0,1.0,1.0,2.0,2.0,2.0,2.0,2.0,1.0,1.0,2
1.0,2.0,1.0,2.0,2.0,2.0,1.0,1.0,1.0,2.0,1.0,2.0,2.0,2.0,1.0,1.0,2
2.0,1.0,1.0,1.0,1.0,1.0,1.0,1.0,2.0,2.0,2.0,2.0,1.0,1.0,1.0,1.0,1
2.0,1.0,2.0,1.0,1.0,1.0,2.0,2.0,2.0,2.0,2.0,2.0,1.0,1.0,1.0,1.0,2
1.0,1.0,1.0,2.0,2.0,2.0,1.0,1.0,1.0,2.0,1.0,2.0,2.0,2.0,2.0,1.0,2
2.0,2.0,2.0,1.0,1.0,1.0,2.0,2.0,2.0,1.0,2.0,1.0,2.0,1.0,2.0,1.0,1
2.0,2.0,2.0,1.0,1.0,1.0,2.0,2.0,2.0,1.0,2.0,1.0,1.0,1.0,2.0,1.0,1
1.0,2.0,1.0,2.0,2.0,2.0,1.0,1.0,1.0,2.0,2.0,2.0,2.0,2.0,1.0,1.0,2
1.0,2.0,1.0,2.0,2.0,2.0,1.0,1.0,1.0,2.0,2.0,2.0,2.0,2.0,2.0,1.0,2
2.0,2.0,1.0,2.0,2.0,1.0,1.0,1.0,2.0,1.0,2.0,2.0,2.0,2.0,1.0,1.0,2
1.0,1.0,1.0,2.0,2.0,2.0,1.0,1.0,1.0,2.0,1.0,2.0,2.0,2.0,1.0,1.0,2
1.0,1.0,2.0,1.0,2.0,2.0,1.0,1.0,1.0,2.0,1.0,2.0,2.0,1.0,2.0,1.0,2
2.0,1.0,1.0,2.0,2.0,1.0,1.0,1.0,1.0,1.0,2.0,1.0,2.0,2.0,1.0,1.0,2
2.0,2.0,1.0,1.0,2.0,1.0,1.0,1.0,1.0,1.0,1.0,2.0,2.0,1.0,1.0,1.0,2
2.0,2.0,1.0,2.0,2.0,1.0,1.0,1.0,1.0,2.0,2.0,2.0,2.0,2.0,1.0,1.0,2
1.0,1.0,1.0,2.0,1.0,1.0,2.0,1.0,1.0,2.0,1.0,2.0,2.0,1.0,2.0,2.0,2
2.0,2.0,1.0,2.0,2.0,1.0,2.0,1.0,2.0,1.0,1.0,2.0,2.0,2.0,1.0,1.0,2
2.0,2.0,2.0,1.0,1.0,1.0,2.0,2.0,2.0,2.0,2.0,1.0,1.0,1.0,2.0,1.0,1
2.0,2.0,2.0,1.0,1.0,2.0,2.0,2.0,2.0,2.0,2.0,1.0,2.0,1.0,2.0,1.0,1
2.0,1.0,1.0,2.0,1.0,1.0,2.0,2.0,2.0,2.0,1.0,2.0,2.0,2.0,1.0,1.0,2
2.0,1.0,2.0,1.0,1.0,1.0,2.0,2.0,2.0,2.0,2.0,1.0,1.0,1.0,2.0,1.0,1
1.0,2.0,1.0,2.0,2.0,1.0,1.0,1.0,1.0,1.0,1.0,2.0,2.0,1.0,1.0,1.0,2
1.0,2.0,1.0,2.0,2.0,2.0,1.0,1.0,1.0,1.0,1.0,2.0,2.0,1.0,2.0,1.0,2
2.0,2.0,1.0,1.0,2.0,1.0,1.0,1.0,1.0,1.0,2.0,1.0,2.0,1.0,2.0,1.0,1
2.0,1.0,2.0,1.0,1.0,1.0,2.0,2.0,2.0,1.0,1.0,1.0,1.0,1.0,2.0,1.0,1
2.0,2.0,2.0,1.0,1.0,1.0,1.0,1.0,1.0,1.0,2.0,1.0,1.0,1.0,2.0,1.0,1
2.0,1.0,1.0,2.0,1.0,1.0,1.0,2.0,1.0,1.0,1.0,2.0,1.0,1.0,2.0,1.0,2
1.0,2.0,1.0,2.0,2.0,2.0,1.0,1.0,1.0,1.0,2.0,2.0,2.0,1.0,1.0,1.0,2
1.0,2.0,1.0,2.0,2.0,2.0,1.0,1.0,1.0,1.0,2.0,2.0,2.0,2.0,1.0,1.0,2
2.0,2.0,2.0,1.0,1.0,1.0,2.0,2.0,2.0,2.0,2.0,1.0,1.0,1.0,2.0,1.0,1
1.0,2.0,1.0,2.0,2.0,2.0,1.0,1.0,1.0,1.0,2.0,2.0,2.0,2.0,2.0,1.0,2
2.0,1.0,2.0,1.0,1.0,1.0,2.0,2.0,2.0,2.0,2.0,1.0,1.0,1.0,2.0,2.0,1
1.0,1.0,2.0,1.0,1.0,1.0,2.0,2.0,2.0,2.0,1.0,1.0,1.0,1.0,2.0,2.0,1
1.0,1.0,1.0,2.0,2.0,2.0,1.0,1.0,1.0,2.0,2.0,2.0,2.0,2.0,1.0,1.0,2
1.0,2.0,1.0,2.0,2.0,2.0,1.0,1.0,1.0,2.0,1.0,2.0,2.0,2.0,1.0,1.0,2
1.0,2.0,1.0,2.0,2.0,2.0,1.0,1.0,1.0,1.0,2.0,2.0,2.0,2.0,1.0,1.0,2
1.0,2.0,2.0,2.0,2.0,2.0,1.0,1.0,1.0,1.0,2.0,2.0,2.0,1.0,2.0,1.0,1
2.0,1.0,2.0,1.0,1.0,1.0,2.0,2.0,2.0,2.0,1.0,1.0,2.0,1.0,2.0,2.0,2
2.0,2.0,2.0,1.0,1.0,1.0,2.0,2.0,2.0,1.0,2.0,1.0,1.0,1.0,2.0,1.0,1
1.0,1.0,2.0,2.0,1.0,1.0,2.0,2.0,2.0,2.0,1.0,2.0,1.0,1.0,2.0,1.0,2
2.0,1.0,1.0,2.0,2.0,2.0,1.0,1.0,2.0,2.0,1.0,2.0,2.0,2.0,1.0,1.0,2
1.0,2.0,1.0,2.0,1.0,1.0,2.0,2.0,2.0,2.0,2.0,2.0,2.0,2.0,2.0,1.0,2
2.0,2.0,1.0,2.0,2.0,1.0,1.0,1.0,1.0,1.0,2.0,2.0,1.0,2.0,2.0,1.0,2
1.0,2.0,2.0,2.0,2.0,1.0,1.0,1.0,1.0,1.0,2.0,2.0,2.0,1.0,1.0,1.0,2
2.0,1.0,1.0,2.0,2.0,2.0,1.0,1.0,1.0,1.0,2.0,2.0,1.0,2.0,1.0,1.0,2
2.0,2.0,2.0,1.0,1.0,1.0,2.0,2.0,2.0,1.0,2.0,1.0,1.0,1.0,2.0,1.0,1
2.0,2.0,2.0,1.0,1.0,1.0,2.0,2.0,2.0,2.0,1.0,1.0,1.0,1.0,2.0,1.0,1
1.0,1.0,2.0,1.0,1.0,1.0,2.0,2.0,2.0,2.0,2.0,2.0,1.0,1.0,2.0,1.0,1
2.0,1.0,1.0,2.0,2.0,2.0,1.0,1.0,2.0,1.0,2.0,2.0,1.0,2.0,1.0,1.0,2
2.0,1.0,2.0,1.0,1.0,1.0,2.0,2.0,2.0,1.0,1.0,1.0,1.0,1.0,2.0,2.0,1
2.0,1.0,2.0,1.0,1.0,1.0,2.0,2.0,2.0,1.0,2.0,1.0,1.0,1.0,2.0,2.0,1
2.0,1.0,2.0,1.0,1.0,1.0,2.0,2.0,1.0,1.0,2.0,1.0,1.0,1.0,2.0,1.0,1
2.0,2.0,2.0,1.0,1.0,1.0,2.0,2.0,2.0,1.0,1.0,1.0,1.0,1.0,2.0,1.0,1
1.0,2.0,1.0,1.0,1.0,1.0,1.0,1.0,2.0,1.0,1.0,1.0,2.0,1.0,1.0,1.0,1
2.0,2.0,2.0,2.0,2.0,2.0,1.0,1.0,1.0,1.0,2.0,2.0,1.0,2.0,1.0,1.0,2
1.0,1.0,1.0,2.0,2.0,2.0,1.0,1.0,1.0,2.0,2.0,2.0,2.0,2.0,1.0,1.0,2
2.0,1.0,2.0,1.0,1.0,1.0,2.0,2.0,2.0,1.0,1.0,1.0,1.0,1.0,2.0,2.0,1
2.0,2.0,2.0,1.0,1.0,1.0,2.0,2.0,2.0,1.0,2.0,1.0,1.0,1.0,2.0,2.0,1
2.0,1.0,2.0,1.0,1.0,1.0,2.0,2.0,2.0,1.0,2.0,1.0,1.0,1.0,2.0,1.0,1
2.0,1.0,2.0,1.0,1.0,1.0,1.0,2.0,2.0,2.0,2.0,1.0,1.0,1.0,2.0,1.0,1
1.0,2.0,1.0,2.0,2.0,1.0,2.0,1.0,2.0,1.0,1.0,1.0,1.0,2.0,2.0,1.0,2
2.0,2.0,1.0,2.0,2.0,1.0,1.0,1.0,1.0,2.0,1.0,2.0,2.0,1.0,1.0,1.0,2
2.0,2.0,1.0,2.0,1.0,1.0,2.0,2.0,2.0,1.0,1.0,1.0,1.0,1.0,2.0,1.0,2
2.0,2.0,2.0,1.0,1.0,1.0,2.0,2.0,2.0,1.0,1.0,1.0,2.0,1.0,2.0,1.0,1
1.0,1.0,1.0,2.0,2.0,2.0,1.0,1.0,1.0,2.0,2.0,2.0,2.0,2.0,2.0,1.0,2
2.0,2.0,2.0,1.0,1.0,1.0,1.0,2.0,2.0,1.0,2.0,1.0,1.0,1.0,2.0,1.0,1
2.0,2.0,1.0,2.0,2.0,1.0,1.0,1.0,1.0,1.0,1.0,2.0,2.0,2.0,1.0,1.0,2
1.0,2.0,1.0,2.0,2.0,2.0,1.0,1.0,1.0,1.0,2.0,2.0,2.0,2.0,1.0,1.0,2
1.0,2.0,1.0,2.0,2.0,2.0,1.0,1.0,1.0,1.0,2.0,2.0,2.0,2.0,1.0,1.0,2
